horizon,response,shock,irf
0,GDP_Growth,GDP_Growth,1.0
0,GDP_Growth,Capital_Formation_lag1,0.0
0,GDP_Growth,Inflation_lag1,0.0
0,GDP_Growth,Government_Debt_lag1,0.0
0,GDP_Growth,Trade_Balance_lag1,0.0
0,GDP_Growth,Exchange_Rate_lag1,0.0
0,GDP_Growth,Reserves_lag1,0.0
0,Capital_Formation_lag1,GDP_Growth,0.0
0,Capital_Formation_lag1,Capital_Formation_lag1,1.0
0,Capital_Formation_lag1,Inflation_lag1,0.0
0,Capital_Formation_lag1,Government_Debt_lag1,0.0
0,Capital_Formation_lag1,Trade_Balance_lag1,0.0
0,Capital_Formation_lag1,Exchange_Rate_lag1,0.0
0,Capital_Formation_lag1,Reserves_lag1,0.0
0,Inflation_lag1,GDP_Growth,0.0
0,Inflation_lag1,Capital_Formation_lag1,0.0
0,Inflation_lag1,Inflation_lag1,1.0
0,Inflation_lag1,Government_Debt_lag1,0.0
0,Inflation_lag1,Trade_Balance_lag1,0.0
0,Inflation_lag1,Exchange_Rate_lag1,0.0
0,Inflation_lag1,Reserves_lag1,0.0
0,Government_Debt_lag1,GDP_Growth,0.0
0,Government_Debt_lag1,Capital_Formation_lag1,0.0
0,Government_Debt_lag1,Inflation_lag1,0.0
0,Government_Debt_lag1,Government_Debt_lag1,1.0
0,Government_Debt_lag1,Trade_Balance_lag1,0.0
0,Government_Debt_lag1,Exchange_Rate_lag1,0.0
0,Government_Debt_lag1,Reserves_lag1,0.0
0,Trade_Balance_lag1,GDP_Growth,0.0
0,Trade_Balance_lag1,Capital_Formation_lag1,0.0
0,Trade_Balance_lag1,Inflation_lag1,0.0
0,Trade_Balance_lag1,Government_Debt_lag1,0.0
0,Trade_Balance_lag1,Trade_Balance_lag1,1.0
0,Trade_Balance_lag1,Exchange_Rate_lag1,0.0
0,Trade_Balance_lag1,Reserves_lag1,0.0
0,Exchange_Rate_lag1,GDP_Growth,0.0
0,Exchange_Rate_lag1,Capital_Formation_lag1,0.0
0,Exchange_Rate_lag1,Inflation_lag1,0.0
0,Exchange_Rate_lag1,Government_Debt_lag1,0.0
0,Exchange_Rate_lag1,Trade_Balance_lag1,0.0
0,Exchange_Rate_lag1,Exchange_Rate_lag1,1.0
0,Exchange_Rate_lag1,Reserves_lag1,0.0
0,Reserves_lag1,GDP_Growth,0.0
0,Reserves_lag1,Capital_Formation_lag1,0.0
0,Reserves_lag1,Inflation_lag1,0.0
0,Reserves_lag1,Government_Debt_lag1,0.0
0,Reserves_lag1,Trade_Balance_lag1,0.0
0,Reserves_lag1,Exchange_Rate_lag1,0.0
0,Reserves_lag1,Reserves_lag1,1.0
1,GDP_Growth,GDP_Growth,-0.09259381022203828
1,GDP_Growth,Capital_Formation_lag1,19.279680789218443
1,GDP_Growth,Inflation_lag1,6.557732063694321
1,GDP_Growth,Government_Debt_lag1,-7.341989203605625
1,GDP_Growth,Trade_Balance_lag1,-1.1717636599775565
1,GDP_Growth,Exchange_Rate_lag1,-20.792414477350714
1,GDP_Growth,Reserves_lag1,2.608465684490409
1,Capital_Formation_lag1,GDP_Growth,0.0034169775938315133
1,Capital_Formation_lag1,Capital_Formation_lag1,1.0672736335508872
1,Capital_Formation_lag1,Inflation_lag1,0.00926980806966255
1,Capital_Formation_lag1,Government_Debt_lag1,-0.40095158458110625
1,Capital_Formation_lag1,Trade_Balance_lag1,-0.028537932811826015
1,Capital_Formation_lag1,Exchange_Rate_lag1,-0.03492861925584473
1,Capital_Formation_lag1,Reserves_lag1,0.08481693767066076
1,Inflation_lag1,GDP_Growth,-0.016613890219637065
1,Inflation_lag1,Capital_Formation_lag1,0.41160311273362454
1,Inflation_lag1,Inflation_lag1,-0.16953705720467274
1,Inflation_lag1,Government_Debt_lag1,0.7542982102455001
1,Inflation_lag1,Trade_Balance_lag1,0.018557162858251507
1,Inflation_lag1,Exchange_Rate_lag1,2.1158801905021476
1,Inflation_lag1,Reserves_lag1,-0.1962428192429019
1,Government_Debt_lag1,GDP_Growth,0.010478292970973288
1,Government_Debt_lag1,Capital_Formation_lag1,-0.6349991308721707
1,Government_Debt_lag1,Inflation_lag1,0.28448365293110556
1,Government_Debt_lag1,Government_Debt_lag1,0.1493980707377101
1,Government_Debt_lag1,Trade_Balance_lag1,-0.04224441363937197
1,Government_Debt_lag1,Exchange_Rate_lag1,-0.2900177863643905
1,Government_Debt_lag1,Reserves_lag1,-0.13764261827802354
1,Trade_Balance_lag1,GDP_Growth,-0.24049827128314405
1,Trade_Balance_lag1,Capital_Formation_lag1,4.814618882222572
1,Trade_Balance_lag1,Inflation_lag1,-5.476744288725054
1,Trade_Balance_lag1,Government_Debt_lag1,-1.2471040441381156
1,Trade_Balance_lag1,Trade_Balance_lag1,0.7909198207395566
1,Trade_Balance_lag1,Exchange_Rate_lag1,12.333943527103896
1,Trade_Balance_lag1,Reserves_lag1,0.41514374460638126
1,Exchange_Rate_lag1,GDP_Growth,-0.018396148909040733
1,Exchange_Rate_lag1,Capital_Formation_lag1,-0.4699748968105084
1,Exchange_Rate_lag1,Inflation_lag1,0.004988888284004862
1,Exchange_Rate_lag1,Government_Debt_lag1,0.14196037335328945
1,Exchange_Rate_lag1,Trade_Balance_lag1,0.02498222414877889
1,Exchange_Rate_lag1,Exchange_Rate_lag1,1.4646741834958101
1,Exchange_Rate_lag1,Reserves_lag1,-0.19643709390919767
1,Reserves_lag1,GDP_Growth,-0.011712158436321674
1,Reserves_lag1,Capital_Formation_lag1,0.48526432482452736
1,Reserves_lag1,Inflation_lag1,-0.344967837521874
1,Reserves_lag1,Government_Debt_lag1,-0.5715277744848593
1,Reserves_lag1,Trade_Balance_lag1,0.023090685185237707
1,Reserves_lag1,Exchange_Rate_lag1,-0.8966890701586678
1,Reserves_lag1,Reserves_lag1,0.25140095836100973
2,GDP_Growth,GDP_Growth,-0.16150383567737148
2,GDP_Growth,Capital_Formation_lag1,28.438419762384548
2,GDP_Growth,Inflation_lag1,2.795942916186432
2,GDP_Growth,Government_Debt_lag1,-3.7921300092000583
2,GDP_Growth,Trade_Balance_lag1,-1.2105907069130808
2,GDP_Growth,Exchange_Rate_lag1,-24.196823054436216
2,GDP_Growth,Reserves_lag1,-1.0197821901165423
2,Capital_Formation_lag1,GDP_Growth,-0.023359789191500425
2,Capital_Formation_lag1,Capital_Formation_lag1,1.540926106809395
2,Capital_Formation_lag1,Inflation_lag1,-0.02014856094873293
2,Capital_Formation_lag1,Government_Debt_lag1,-0.4623265990343323
2,Capital_Formation_lag1,Trade_Balance_lag1,-0.04649494409570905
2,Capital_Formation_lag1,Exchange_Rate_lag1,-0.30825771656810097
2,Capital_Formation_lag1,Reserves_lag1,-0.41245187740537326
2,Inflation_lag1,GDP_Growth,0.022044702376972272
2,Inflation_lag1,Capital_Formation_lag1,-1.144210112025477
2,Inflation_lag1,Inflation_lag1,-0.5182060576007519
2,Inflation_lag1,Government_Debt_lag1,-0.3409455813654038
2,Inflation_lag1,Trade_Balance_lag1,0.030009343821399647
2,Inflation_lag1,Exchange_Rate_lag1,1.7958676891082785
2,Inflation_lag1,Reserves_lag1,-0.6420091370589228
2,Government_Debt_lag1,GDP_Growth,0.029591682242453062
2,Government_Debt_lag1,Capital_Formation_lag1,-0.393891712100969
2,Government_Debt_lag1,Inflation_lag1,0.3799488701090525
2,Government_Debt_lag1,Government_Debt_lag1,0.7025113585493552
2,Government_Debt_lag1,Trade_Balance_lag1,-0.033106732513920864
2,Government_Debt_lag1,Exchange_Rate_lag1,0.5705271567617702
2,Government_Debt_lag1,Reserves_lag1,-0.2594732103946611
2,Trade_Balance_lag1,GDP_Growth,-0.3772090388647106
2,Trade_Balance_lag1,Capital_Formation_lag1,6.24875450723513
2,Trade_Balance_lag1,Inflation_lag1,-6.676838831735197
2,Trade_Balance_lag1,Government_Debt_lag1,-6.960772552992141
2,Trade_Balance_lag1,Trade_Balance_lag1,0.35502830645766503
2,Trade_Balance_lag1,Exchange_Rate_lag1,6.209683248273228
2,Trade_Balance_lag1,Reserves_lag1,-10.043655117232529
2,Exchange_Rate_lag1,GDP_Growth,-0.018368557164081267
2,Exchange_Rate_lag1,Capital_Formation_lag1,-0.9689450128978907
2,Exchange_Rate_lag1,Inflation_lag1,-0.30991123927043696
2,Exchange_Rate_lag1,Government_Debt_lag1,0.6803165072086527
2,Exchange_Rate_lag1,Trade_Balance_lag1,0.06303856919908743
2,Exchange_Rate_lag1,Exchange_Rate_lag1,2.558079089885923
2,Exchange_Rate_lag1,Reserves_lag1,-0.13655893855685347
2,Reserves_lag1,GDP_Growth,-0.06712032890093263
2,Reserves_lag1,Capital_Formation_lag1,1.1715615901122196
2,Reserves_lag1,Inflation_lag1,-0.21155613827665767
2,Reserves_lag1,Government_Debt_lag1,-1.0298367740480394
2,Reserves_lag1,Trade_Balance_lag1,-0.015065851560124955
2,Reserves_lag1,Exchange_Rate_lag1,-0.4756465743923557
2,Reserves_lag1,Reserves_lag1,-0.11503454956913145
3,GDP_Growth,GDP_Growth,0.1254125133711489
3,GDP_Growth,Capital_Formation_lag1,15.807613364147002
3,GDP_Growth,Inflation_lag1,4.094733183372595
3,GDP_Growth,Government_Debt_lag1,-13.000063815416377
3,GDP_Growth,Trade_Balance_lag1,-1.1589782297403857
3,GDP_Growth,Exchange_Rate_lag1,-25.54790933869223
3,GDP_Growth,Reserves_lag1,-1.0969774814631519
3,Capital_Formation_lag1,GDP_Growth,-0.020503692055708938
3,Capital_Formation_lag1,Capital_Formation_lag1,1.004072896763847
3,Capital_Formation_lag1,Inflation_lag1,0.09817502023362956
3,Capital_Formation_lag1,Government_Debt_lag1,-0.23154000231981015
3,Capital_Formation_lag1,Trade_Balance_lag1,-0.04418900892791664
3,Capital_Formation_lag1,Exchange_Rate_lag1,0.14812267441789576
3,Capital_Formation_lag1,Reserves_lag1,-0.2993758841460318
3,Inflation_lag1,GDP_Growth,0.008328700327487948
3,Inflation_lag1,Capital_Formation_lag1,-0.07228601278287372
3,Inflation_lag1,Inflation_lag1,-0.11480257879596667
3,Inflation_lag1,Government_Debt_lag1,0.7771665866225863
3,Inflation_lag1,Trade_Balance_lag1,0.020893763483954643
3,Inflation_lag1,Exchange_Rate_lag1,1.722766925988316
3,Inflation_lag1,Reserves_lag1,-0.06426962213476473
3,Government_Debt_lag1,GDP_Growth,0.03609170271797061
3,Government_Debt_lag1,Capital_Formation_lag1,-1.28118631873476
3,Government_Debt_lag1,Inflation_lag1,0.5544315426457467
3,Government_Debt_lag1,Government_Debt_lag1,0.579714666875171
3,Government_Debt_lag1,Trade_Balance_lag1,-0.019134492469133346
3,Government_Debt_lag1,Exchange_Rate_lag1,0.9673798224212717
3,Government_Debt_lag1,Reserves_lag1,0.2983648951525225
3,Trade_Balance_lag1,GDP_Growth,-0.21258682463556425
3,Trade_Balance_lag1,Capital_Formation_lag1,9.680838858332669
3,Trade_Balance_lag1,Inflation_lag1,-1.815149736755478
3,Trade_Balance_lag1,Government_Debt_lag1,1.5579635844840856
3,Trade_Balance_lag1,Trade_Balance_lag1,-0.1947452959721695
3,Trade_Balance_lag1,Exchange_Rate_lag1,7.312607162918116
3,Trade_Balance_lag1,Reserves_lag1,-5.982083325875057
3,Exchange_Rate_lag1,GDP_Growth,0.008337784374660928
3,Exchange_Rate_lag1,Capital_Formation_lag1,-1.7410423046684798
3,Exchange_Rate_lag1,Inflation_lag1,-0.4608732916580446
3,Exchange_Rate_lag1,Government_Debt_lag1,0.7474863949563242
3,Exchange_Rate_lag1,Trade_Balance_lag1,0.08983830886928865
3,Exchange_Rate_lag1,Exchange_Rate_lag1,2.940277799830836
3,Exchange_Rate_lag1,Reserves_lag1,0.006610165884519459
3,Reserves_lag1,GDP_Growth,-0.047964909214960286
3,Reserves_lag1,Capital_Formation_lag1,0.15789727410710536
3,Reserves_lag1,Inflation_lag1,-0.2552705947553636
3,Reserves_lag1,Government_Debt_lag1,-0.3298650141738493
3,Reserves_lag1,Trade_Balance_lag1,0.04261339740379047
3,Reserves_lag1,Exchange_Rate_lag1,0.6757615911087314
3,Reserves_lag1,Reserves_lag1,-0.5211875890692405
4,GDP_Growth,GDP_Growth,-0.13786221000170584
4,GDP_Growth,Capital_Formation_lag1,13.815157917526037
4,GDP_Growth,Inflation_lag1,4.588845149081646
4,GDP_Growth,Government_Debt_lag1,-6.050008011020948
4,GDP_Growth,Trade_Balance_lag1,-0.5448713243528731
4,GDP_Growth,Exchange_Rate_lag1,-18.833570301858607
4,GDP_Growth,Reserves_lag1,-3.974897322666868
4,Capital_Formation_lag1,GDP_Growth,0.006547865003377684
4,Capital_Formation_lag1,Capital_Formation_lag1,0.039243082937508555
4,Capital_Formation_lag1,Inflation_lag1,0.043906312304940756
4,Capital_Formation_lag1,Government_Debt_lag1,0.23597329210028106
4,Capital_Formation_lag1,Trade_Balance_lag1,0.0015191421615673023
4,Capital_Formation_lag1,Exchange_Rate_lag1,0.6108509126285037
4,Capital_Formation_lag1,Reserves_lag1,-0.2035269280714415
4,Inflation_lag1,GDP_Growth,0.02598793156521611
4,Inflation_lag1,Capital_Formation_lag1,-0.245644283857689
4,Inflation_lag1,Inflation_lag1,0.16998829311252303
4,Inflation_lag1,Government_Debt_lag1,0.679614548486861
4,Inflation_lag1,Trade_Balance_lag1,-0.0012931406513660478
4,Inflation_lag1,Exchange_Rate_lag1,0.6179128698970433
4,Inflation_lag1,Reserves_lag1,0.817728464700695
4,Government_Debt_lag1,GDP_Growth,0.024240862509497474
4,Government_Debt_lag1,Capital_Formation_lag1,-1.0573559874631842
4,Government_Debt_lag1,Inflation_lag1,0.05184307955292633
4,Government_Debt_lag1,Government_Debt_lag1,0.869803392385657
4,Government_Debt_lag1,Trade_Balance_lag1,0.027850726372095087
4,Government_Debt_lag1,Exchange_Rate_lag1,1.4468226931306936
4,Government_Debt_lag1,Reserves_lag1,0.16646152469329895
4,Trade_Balance_lag1,GDP_Growth,0.5191059159498042
4,Trade_Balance_lag1,Capital_Formation_lag1,3.2425497732792965
4,Trade_Balance_lag1,Inflation_lag1,2.4375035934697302
4,Trade_Balance_lag1,Government_Debt_lag1,5.80564720467552
4,Trade_Balance_lag1,Trade_Balance_lag1,-0.36546572214527145
4,Trade_Balance_lag1,Exchange_Rate_lag1,-4.446145309439386
4,Trade_Balance_lag1,Reserves_lag1,1.855034661681667
4,Exchange_Rate_lag1,GDP_Growth,0.004602553312326424
4,Exchange_Rate_lag1,Capital_Formation_lag1,-1.15948616280776
4,Exchange_Rate_lag1,Inflation_lag1,-0.40347372637330337
4,Exchange_Rate_lag1,Government_Debt_lag1,0.8995552531807174
4,Exchange_Rate_lag1,Trade_Balance_lag1,0.07021794989341358
4,Exchange_Rate_lag1,Exchange_Rate_lag1,2.799487977236603
4,Exchange_Rate_lag1,Reserves_lag1,0.18928964191259212
4,Reserves_lag1,GDP_Growth,-0.02363724311351122
4,Reserves_lag1,Capital_Formation_lag1,-1.3235653964064493
4,Reserves_lag1,Inflation_lag1,-0.3931551746460228
4,Reserves_lag1,Government_Debt_lag1,0.2944442586066698
4,Reserves_lag1,Trade_Balance_lag1,0.09589154004578346
4,Reserves_lag1,Exchange_Rate_lag1,1.8621545848255412
4,Reserves_lag1,Reserves_lag1,-0.2714050179767666
5,GDP_Growth,GDP_Growth,-0.24602970456717432
5,GDP_Growth,Capital_Formation_lag1,-3.8820261471162567
5,GDP_Growth,Inflation_lag1,2.392332550690053
5,GDP_Growth,Government_Debt_lag1,-3.0508407349307163
5,GDP_Growth,Trade_Balance_lag1,0.20249256366714574
5,GDP_Growth,Exchange_Rate_lag1,-6.0605084505046385
5,GDP_Growth,Reserves_lag1,-1.6425592705292695
5,Capital_Formation_lag1,GDP_Growth,0.005620815802858942
5,Capital_Formation_lag1,Capital_Formation_lag1,-0.44121606187952495
5,Capital_Formation_lag1,Inflation_lag1,-0.010494643928304237
5,Capital_Formation_lag1,Government_Debt_lag1,0.3283915242623401
5,Capital_Formation_lag1,Trade_Balance_lag1,0.018251788104369206
5,Capital_Formation_lag1,Exchange_Rate_lag1,0.8828260330234338
5,Capital_Formation_lag1,Reserves_lag1,-0.015703937653505723
5,Inflation_lag1,GDP_Growth,0.007787334086757074
5,Inflation_lag1,Capital_Formation_lag1,1.3459658182452714
5,Inflation_lag1,Inflation_lag1,-0.13753826702821126
5,Inflation_lag1,Government_Debt_lag1,0.03439612797067501
5,Inflation_lag1,Trade_Balance_lag1,-0.05116044247671031
5,Inflation_lag1,Exchange_Rate_lag1,-0.34667157138495797
5,Inflation_lag1,Reserves_lag1,0.23729740684141604
5,Government_Debt_lag1,GDP_Growth,0.006377543335390666
5,Government_Debt_lag1,Capital_Formation_lag1,-1.2534660629778192
5,Government_Debt_lag1,Inflation_lag1,-0.09944400897881522
5,Government_Debt_lag1,Government_Debt_lag1,0.25670856416504506
5,Government_Debt_lag1,Trade_Balance_lag1,0.030344187062327648
5,Government_Debt_lag1,Exchange_Rate_lag1,1.7073798099731095
5,Government_Debt_lag1,Reserves_lag1,0.2822617756852375
5,Trade_Balance_lag1,GDP_Growth,0.49395829573924843
5,Trade_Balance_lag1,Capital_Formation_lag1,16.87893863995423
5,Trade_Balance_lag1,Inflation_lag1,4.372962152501719
5,Trade_Balance_lag1,Government_Debt_lag1,0.5225570240701769
5,Trade_Balance_lag1,Trade_Balance_lag1,-1.1438781199972412
5,Trade_Balance_lag1,Exchange_Rate_lag1,-22.702264202143116
5,Trade_Balance_lag1,Reserves_lag1,4.276369714594602
5,Exchange_Rate_lag1,GDP_Growth,0.0016327094817275706
5,Exchange_Rate_lag1,Capital_Formation_lag1,-0.3723292991509437
5,Exchange_Rate_lag1,Inflation_lag1,-0.24155626900663865
5,Exchange_Rate_lag1,Government_Debt_lag1,0.6873256066550975
5,Exchange_Rate_lag1,Trade_Balance_lag1,0.019882133150614364
5,Exchange_Rate_lag1,Exchange_Rate_lag1,2.2498689727469507
5,Exchange_Rate_lag1,Reserves_lag1,0.3417596080119464
5,Reserves_lag1,GDP_Growth,0.007232750251854693
5,Reserves_lag1,Capital_Formation_lag1,-1.9120453065195564
5,Reserves_lag1,Inflation_lag1,-0.6117389907569862
5,Reserves_lag1,Government_Debt_lag1,0.7975699037311654
5,Reserves_lag1,Trade_Balance_lag1,0.12795458600126516
5,Reserves_lag1,Exchange_Rate_lag1,2.0407945285748
5,Reserves_lag1,Reserves_lag1,-0.15029717713117896
6,GDP_Growth,GDP_Growth,-0.026496440793447328
6,GDP_Growth,Capital_Formation_lag1,-17.14281405915333
6,GDP_Growth,Inflation_lag1,-4.6445936443292055
6,GDP_Growth,Government_Debt_lag1,2.704640036978444
6,GDP_Growth,Trade_Balance_lag1,1.1948912430175094
6,GDP_Growth,Exchange_Rate_lag1,6.469787476332236
6,GDP_Growth,Reserves_lag1,-5.425511501487783
6,Capital_Formation_lag1,GDP_Growth,0.004407137482827169
6,Capital_Formation_lag1,Capital_Formation_lag1,-0.46293222791306177
6,Capital_Formation_lag1,Inflation_lag1,-0.11363361574988198
6,Capital_Formation_lag1,Government_Debt_lag1,0.40127027178441105
6,Capital_Formation_lag1,Trade_Balance_lag1,0.025179553404227124
6,Capital_Formation_lag1,Exchange_Rate_lag1,1.0174773572819313
6,Capital_Formation_lag1,Reserves_lag1,-0.06849771143713165
6,Inflation_lag1,GDP_Growth,-0.023787274495317475
6,Inflation_lag1,Capital_Formation_lag1,1.9868555101908951
6,Inflation_lag1,Inflation_lag1,0.30884740577964404
6,Inflation_lag1,Government_Debt_lag1,-0.9445847493330285
6,Inflation_lag1,Trade_Balance_lag1,-0.12366757397039346
6,Inflation_lag1,Exchange_Rate_lag1,-0.6346340508111492
6,Inflation_lag1,Reserves_lag1,-0.11740374788572644
6,Government_Debt_lag1,GDP_Growth,-0.009036037880776351
6,Government_Debt_lag1,Capital_Formation_lag1,-0.8213820399837151
6,Government_Debt_lag1,Inflation_lag1,-0.2777608811452823
6,Government_Debt_lag1,Government_Debt_lag1,0.524733760691556
6,Government_Debt_lag1,Trade_Balance_lag1,0.05564946708139678
6,Government_Debt_lag1,Exchange_Rate_lag1,2.193250240247417
6,Government_Debt_lag1,Reserves_lag1,0.04914430724920327
6,Trade_Balance_lag1,GDP_Growth,0.2029084516390105
6,Trade_Balance_lag1,Capital_Formation_lag1,30.83794512456401
6,Trade_Balance_lag1,Inflation_lag1,8.057321919640623
6,Trade_Balance_lag1,Government_Debt_lag1,-9.911872675754033
6,Trade_Balance_lag1,Trade_Balance_lag1,-2.017305285770182
6,Trade_Balance_lag1,Exchange_Rate_lag1,-37.61434842054835
6,Trade_Balance_lag1,Reserves_lag1,1.4767444143402866
6,Exchange_Rate_lag1,GDP_Growth,-0.0026958539018733796
6,Exchange_Rate_lag1,Capital_Formation_lag1,0.5851223580528724
6,Exchange_Rate_lag1,Inflation_lag1,-0.10960593420217603
6,Exchange_Rate_lag1,Government_Debt_lag1,0.4024051729048022
6,Exchange_Rate_lag1,Trade_Balance_lag1,-0.03207539205797732
6,Exchange_Rate_lag1,Exchange_Rate_lag1,1.8172022057561636
6,Exchange_Rate_lag1,Reserves_lag1,0.21962014079021963
6,Reserves_lag1,GDP_Growth,0.019435922788458848
6,Reserves_lag1,Capital_Formation_lag1,-1.2144950151101912
6,Reserves_lag1,Inflation_lag1,-0.433426548531088
6,Reserves_lag1,Government_Debt_lag1,0.638287818982296
6,Reserves_lag1,Trade_Balance_lag1,0.07004651175271122
6,Reserves_lag1,Exchange_Rate_lag1,1.0988150272381545
6,Reserves_lag1,Reserves_lag1,0.2228292505198043
7,GDP_Growth,GDP_Growth,0.09537322887191857
7,GDP_Growth,Capital_Formation_lag1,-24.164886179373116
7,GDP_Growth,Inflation_lag1,-4.648536946191727
7,GDP_Growth,Government_Debt_lag1,3.0451756468353106
7,GDP_Growth,Trade_Balance_lag1,1.27977592431656
7,GDP_Growth,Exchange_Rate_lag1,8.822344536394619
7,GDP_Growth,Reserves_lag1,-1.8457488015878751
7,Capital_Formation_lag1,GDP_Growth,0.004090428724999203
7,Capital_Formation_lag1,Capital_Formation_lag1,-0.39917212795592605
7,Capital_Formation_lag1,Inflation_lag1,-0.06614222913014595
7,Capital_Formation_lag1,Government_Debt_lag1,0.3252558793166641
7,Capital_Formation_lag1,Trade_Balance_lag1,0.011474188786522291
7,Capital_Formation_lag1,Exchange_Rate_lag1,1.0761713386407679
7,Capital_Formation_lag1,Reserves_lag1,0.0074537271833255425
7,Inflation_lag1,GDP_Growth,-0.03203132828644746
7,Inflation_lag1,Capital_Formation_lag1,1.5088720014458048
7,Inflation_lag1,Inflation_lag1,0.43324085052854505
7,Inflation_lag1,Government_Debt_lag1,-0.12488553709036349
7,Inflation_lag1,Trade_Balance_lag1,-0.07443456767542714
7,Inflation_lag1,Exchange_Rate_lag1,0.6543011545066098
7,Inflation_lag1,Reserves_lag1,-0.36641537643157085
7,Government_Debt_lag1,GDP_Growth,-0.020140224880309567
7,Government_Debt_lag1,Capital_Formation_lag1,-1.068448007846918
7,Government_Debt_lag1,Inflation_lag1,-0.28628631371931856
7,Government_Debt_lag1,Government_Debt_lag1,0.43824797499699497
7,Government_Debt_lag1,Trade_Balance_lag1,0.05861540766568251
7,Government_Debt_lag1,Exchange_Rate_lag1,2.7120802202870045
7,Government_Debt_lag1,Reserves_lag1,0.23812594982325364
7,Trade_Balance_lag1,GDP_Growth,-0.08427604511262388
7,Trade_Balance_lag1,Capital_Formation_lag1,32.81133623520413
7,Trade_Balance_lag1,Inflation_lag1,10.428871028340755
7,Trade_Balance_lag1,Government_Debt_lag1,-12.256679602953195
7,Trade_Balance_lag1,Trade_Balance_lag1,-2.070144672781459
7,Trade_Balance_lag1,Exchange_Rate_lag1,-35.50797161619448
7,Trade_Balance_lag1,Reserves_lag1,-2.2873900338014206
7,Exchange_Rate_lag1,GDP_Growth,-0.013108979612374342
7,Exchange_Rate_lag1,Capital_Formation_lag1,0.9876817889909649
7,Exchange_Rate_lag1,Inflation_lag1,0.10965346655672238
7,Exchange_Rate_lag1,Government_Debt_lag1,0.1566274196396653
7,Exchange_Rate_lag1,Trade_Balance_lag1,-0.06434168277706048
7,Exchange_Rate_lag1,Exchange_Rate_lag1,1.8699861970666434
7,Exchange_Rate_lag1,Reserves_lag1,0.12746625137084305
7,Reserves_lag1,GDP_Growth,0.027671323362516993
7,Reserves_lag1,Capital_Formation_lag1,0.5340238623190456
7,Reserves_lag1,Inflation_lag1,-0.0576246686948971
7,Reserves_lag1,Government_Debt_lag1,0.2668296023747959
7,Reserves_lag1,Trade_Balance_lag1,-0.029658145800669805
7,Reserves_lag1,Exchange_Rate_lag1,-0.6715221075107046
7,Reserves_lag1,Reserves_lag1,0.34152794623085203
8,GDP_Growth,GDP_Growth,0.30787266054316675
8,GDP_Growth,Capital_Formation_lag1,-15.237650729092989
8,GDP_Growth,Inflation_lag1,-3.746532733176293
8,GDP_Growth,Government_Debt_lag1,7.37043663567193
8,GDP_Growth,Trade_Balance_lag1,0.9758217083462349
8,GDP_Growth,Exchange_Rate_lag1,-1.1699863822696557
8,GDP_Growth,Reserves_lag1,1.1277744598004555
8,Capital_Formation_lag1,GDP_Growth,0.0068530453049543555
8,Capital_Formation_lag1,Capital_Formation_lag1,-0.1930179690749505
8,Capital_Formation_lag1,Inflation_lag1,-0.019977639750763623
8,Capital_Formation_lag1,Government_Debt_lag1,0.3874987219606871
8,Capital_Formation_lag1,Trade_Balance_lag1,0.0021346134672750004
8,Capital_Formation_lag1,Exchange_Rate_lag1,1.0465908821472567
8,Capital_Formation_lag1,Reserves_lag1,0.039376229046443445
8,Inflation_lag1,GDP_Growth,-0.022586424457943097
8,Inflation_lag1,Capital_Formation_lag1,-0.8194607015491701
8,Inflation_lag1,Inflation_lag1,0.08646110656270067
8,Inflation_lag1,Government_Debt_lag1,0.3812739861195899
8,Inflation_lag1,Trade_Balance_lag1,0.029733950130847155
8,Inflation_lag1,Exchange_Rate_lag1,2.6415945419587543
8,Inflation_lag1,Reserves_lag1,-0.1639752650564412
8,Government_Debt_lag1,GDP_Growth,-0.017392100402787047
8,Government_Debt_lag1,Capital_Formation_lag1,-0.9787145178853252
8,Government_Debt_lag1,Inflation_lag1,-0.536055781797663
8,Government_Debt_lag1,Government_Debt_lag1,0.7330348839400017
8,Government_Debt_lag1,Trade_Balance_lag1,0.08032241083158559
8,Government_Debt_lag1,Exchange_Rate_lag1,3.245600761826756
8,Government_Debt_lag1,Reserves_lag1,0.008113024004272607
8,Trade_Balance_lag1,GDP_Growth,-0.19500825187255477
8,Trade_Balance_lag1,Capital_Formation_lag1,13.51665819154816
8,Trade_Balance_lag1,Inflation_lag1,8.158427130500037
8,Trade_Balance_lag1,Government_Debt_lag1,-8.6026498688832
8,Trade_Balance_lag1,Trade_Balance_lag1,-1.007205475206118
8,Trade_Balance_lag1,Exchange_Rate_lag1,-17.517221992622254
8,Trade_Balance_lag1,Reserves_lag1,-4.419705599449866
8,Exchange_Rate_lag1,GDP_Growth,-0.024055786558271383
8,Exchange_Rate_lag1,Capital_Formation_lag1,0.6404365013822378
8,Exchange_Rate_lag1,Inflation_lag1,0.10085004625259769
8,Exchange_Rate_lag1,Government_Debt_lag1,0.375557133100644
8,Exchange_Rate_lag1,Trade_Balance_lag1,-0.038641567776838685
8,Exchange_Rate_lag1,Exchange_Rate_lag1,2.82073096133038
8,Exchange_Rate_lag1,Reserves_lag1,-0.012554895221130957
8,Reserves_lag1,GDP_Growth,0.020315440454924522
8,Reserves_lag1,Capital_Formation_lag1,2.329807726011549
8,Reserves_lag1,Inflation_lag1,0.4842095988627092
8,Reserves_lag1,Government_Debt_lag1,-0.5100625483119108
8,Reserves_lag1,Trade_Balance_lag1,-0.148348434808114
8,Reserves_lag1,Exchange_Rate_lag1,-2.493866087303023
8,Reserves_lag1,Reserves_lag1,0.3983407509334196
9,GDP_Growth,GDP_Growth,0.43802339275426516
9,GDP_Growth,Capital_Formation_lag1,1.5486170736490603
9,GDP_Growth,Inflation_lag1,0.1444919267872724
9,GDP_Growth,Government_Debt_lag1,-0.3937367617967652
9,GDP_Growth,Trade_Balance_lag1,-0.2598755238523389
9,GDP_Growth,Exchange_Rate_lag1,-24.54106459919579
9,GDP_Growth,Reserves_lag1,5.568380473640737
9,Capital_Formation_lag1,GDP_Growth,0.004625723871631137
9,Capital_Formation_lag1,Capital_Formation_lag1,-0.03144609272064636
9,Capital_Formation_lag1,Inflation_lag1,0.03421698062378618
9,Capital_Formation_lag1,Government_Debt_lag1,0.29684788265227136
9,Capital_Formation_lag1,Trade_Balance_lag1,-0.011700552241516015
9,Capital_Formation_lag1,Exchange_Rate_lag1,0.9964191572393162
9,Capital_Formation_lag1,Reserves_lag1,0.1310007128021505
9,Inflation_lag1,GDP_Growth,-0.013673796298062202
9,Inflation_lag1,Capital_Formation_lag1,-2.510795236239827
9,Inflation_lag1,Inflation_lag1,-0.6396128551960754
9,Inflation_lag1,Government_Debt_lag1,1.1013360746785266
9,Inflation_lag1,Trade_Balance_lag1,0.15217894866654513
9,Inflation_lag1,Exchange_Rate_lag1,4.630680256757962
9,Inflation_lag1,Reserves_lag1,-0.38200960957011176
9,Government_Debt_lag1,GDP_Growth,-0.019053730776579333
9,Government_Debt_lag1,Capital_Formation_lag1,-1.0424529830546447
9,Government_Debt_lag1,Inflation_lag1,-0.47569385475595827
9,Government_Debt_lag1,Government_Debt_lag1,0.6207096294048908
9,Government_Debt_lag1,Trade_Balance_lag1,0.06423641114929425
9,Government_Debt_lag1,Exchange_Rate_lag1,3.5891061463763223
9,Government_Debt_lag1,Reserves_lag1,0.13674072299373974
9,Trade_Balance_lag1,GDP_Growth,-0.20495429162579137
9,Trade_Balance_lag1,Capital_Formation_lag1,-14.554478756809058
9,Trade_Balance_lag1,Inflation_lag1,0.6971213051404856
9,Trade_Balance_lag1,Government_Debt_lag1,-0.10823602500060892
9,Trade_Balance_lag1,Trade_Balance_lag1,0.7497243237316333
9,Trade_Balance_lag1,Exchange_Rate_lag1,9.363747957641861
9,Trade_Balance_lag1,Reserves_lag1,-6.146504458110345
9,Exchange_Rate_lag1,GDP_Growth,-0.03204234119106043
9,Exchange_Rate_lag1,Capital_Formation_lag1,-0.6209545929242405
9,Exchange_Rate_lag1,Inflation_lag1,-0.16752480348149576
9,Exchange_Rate_lag1,Government_Debt_lag1,0.7327248074335487
9,Exchange_Rate_lag1,Trade_Balance_lag1,0.03209564145230724
9,Exchange_Rate_lag1,Exchange_Rate_lag1,4.590109856094813
9,Exchange_Rate_lag1,Reserves_lag1,-0.10458909024009755
9,Reserves_lag1,GDP_Growth,0.005802696236552565
9,Reserves_lag1,Capital_Formation_lag1,3.391191380042261
9,Reserves_lag1,Inflation_lag1,0.8431039317841917
9,Reserves_lag1,Government_Debt_lag1,-1.0343278624666967
9,Reserves_lag1,Trade_Balance_lag1,-0.2067269352603694
9,Reserves_lag1,Exchange_Rate_lag1,-3.458345880539895
9,Reserves_lag1,Reserves_lag1,0.12076722232244297
10,GDP_Growth,GDP_Growth,0.4188359402170399
10,GDP_Growth,Capital_Formation_lag1,28.427055906382922
10,GDP_Growth,Inflation_lag1,5.241399562789406
10,GDP_Growth,Government_Debt_lag1,-9.648360908059702
10,GDP_Growth,Trade_Balance_lag1,-1.6745181678609216
10,GDP_Growth,Exchange_Rate_lag1,-52.93083039675369
10,GDP_Growth,Reserves_lag1,3.7156467643910194
10,Capital_Formation_lag1,GDP_Growth,0.00020283347345576366
10,Capital_Formation_lag1,Capital_Formation_lag1,0.1256491894849595
10,Capital_Formation_lag1,Inflation_lag1,0.01614277339608655
10,Capital_Formation_lag1,Government_Debt_lag1,0.25207126749289904
10,Capital_Formation_lag1,Trade_Balance_lag1,-0.014092097572093848
10,Capital_Formation_lag1,Exchange_Rate_lag1,1.0812245716851214
10,Capital_Formation_lag1,Reserves_lag1,0.07475447752111233
10,Inflation_lag1,GDP_Growth,-0.012866372295385994
10,Inflation_lag1,Capital_Formation_lag1,-3.540829864723158
10,Inflation_lag1,Inflation_lag1,-0.8763431333811025
10,Inflation_lag1,Government_Debt_lag1,1.4569926206467672
10,Inflation_lag1,Trade_Balance_lag1,0.19854029470719736
10,Inflation_lag1,Exchange_Rate_lag1,5.933191747546335
10,Inflation_lag1,Reserves_lag1,-0.0629100194241432
10,Government_Debt_lag1,GDP_Growth,-0.014498672182322862
10,Government_Debt_lag1,Capital_Formation_lag1,-0.6964049311597535
10,Government_Debt_lag1,Inflation_lag1,-0.47246729982300206
10,Government_Debt_lag1,Government_Debt_lag1,0.9418140178467194
10,Government_Debt_lag1,Trade_Balance_lag1,0.059230513149370834
10,Government_Debt_lag1,Exchange_Rate_lag1,3.8595216032580613
10,Government_Debt_lag1,Reserves_lag1,0.07986503368327469
10,Trade_Balance_lag1,GDP_Growth,-0.11211554823135175
10,Trade_Balance_lag1,Capital_Formation_lag1,-39.77043467694501
10,Trade_Balance_lag1,Inflation_lag1,-6.822578133427507
10,Trade_Balance_lag1,Government_Debt_lag1,8.434482119009937
10,Trade_Balance_lag1,Trade_Balance_lag1,2.2738341309115544
10,Trade_Balance_lag1,Exchange_Rate_lag1,32.495193209480696
10,Trade_Balance_lag1,Reserves_lag1,-4.834542463269093
10,Exchange_Rate_lag1,GDP_Growth,-0.035446558581882684
10,Exchange_Rate_lag1,Capital_Formation_lag1,-2.136850711931031
10,Exchange_Rate_lag1,Inflation_lag1,-0.6185307924529235
10,Exchange_Rate_lag1,Government_Debt_lag1,1.3673972154728342
10,Exchange_Rate_lag1,Trade_Balance_lag1,0.12766362703749973
10,Exchange_Rate_lag1,Exchange_Rate_lag1,6.844671119189534
10,Exchange_Rate_lag1,Reserves_lag1,-0.20933974030862101
10,Reserves_lag1,GDP_Growth,-0.01573843007373049
10,Reserves_lag1,Capital_Formation_lag1,2.8406990942358514
10,Reserves_lag1,Inflation_lag1,0.9200962576473526
10,Reserves_lag1,Government_Debt_lag1,-1.228363085451953
10,Reserves_lag1,Trade_Balance_lag1,-0.1789786177946292
10,Reserves_lag1,Exchange_Rate_lag1,-2.9166698217214573
10,Reserves_lag1,Reserves_lag1,-0.15503424013851208
